bast bast rutherford rutherford rutherford rutherford rutherford rutherford rutherford yourself devein tasteless wit wit gm gm faculti teenag mateo mateo mateo center crouton oxali oxali unflavor spice pea pea groundhog friendlier friendlier delys asiago asiago asiago asiago asiago victor envelop introduc introduc introduc introduc introduc yarder yarder huston deficit band cob cob card grappa grappa grappa grappa grappa grappa flaunt market market harsh harsh combat combat palett palett nbc nbc nbc grand anonym jeep prelud prelud prelud anthonei mace tilth unit unit polyphas polyphas polyphas stage namepl decco troop troop troop troop troop ingredi ingredi ingredi nutrient shelton shelton cup crazi cabbag cabbag cabbag cabbag cabbag discov discov discov discov rise feather potato potato potato potato potato ancient ancient cobbler cb cb jacket mention control stroke stroke pass pass pass pass pass pass slot abuzz slick slick slick sauc sauc sauc sauc sauc divorc divorc divorc divorc caught grmusa grmusa grmusa grmusa grmusa grmusa fri mash mash thin thin carolyn carolyn kazakh kazakh kazakh republican stuf beard beard beard beard beard beard beard network margi butter butter butter butter butter butter teaspoon teaspoon teaspoon teaspoon teaspoon teaspoon nutmeg transluc transluc select select ag ag ag ag sox sox heterosexu properli properli properli properli astronom landov passion monterei monterei sprinkl tsipko ll record record cost minc minc ladl mixtur prawn worri canap canap canap canap fraich fraich extrem turquois cinnamon cinnamon old ah crumbli adept adept adept topic refund crop slaughter analyt billi bolton hoop hoop utah utah utah brightli classroom classroom crotcheti crotcheti left learn oregon overnight overnight tank tank tank tank savag savag hill focus artist artist artist mileston mileston dish dish pasta pasta pork pork pork pork pork nor restrain mustard mustard mustard mustard mustard mustard staff staff staff staff staff staff staff staff kathi kathi hal martini 